A_t05,A_t10,A_t20,A_t30,B_t05,B_t10,B_t20,B_t30,D_t05,D_t10,D_t20,D_t30,admiss,antipodality_deg,density,elev,has_candidate,n_cloud,n_objects,old_2d,opening_cm,reject_reason,score_rank,seed,width_cm
0,0,0,0,1,1,1,1,1,1,1,0,1,0.0,sparse,30,1,133920,6,0,5.84,,1,0,5.71
0,0,0,0,1,1,1,0,1,1,1,0,1,0.0,sparse,30,1,133920,6,0,5.78,,1,1,5.88
,,,,,,,,,,,,0,,sparse,30,1,133920,6,,,闭合路径被挡,1,2,5.73
0,0,0,0,1,0,0,0,0,0,0,0,1,23.2,sparse,30,1,133920,6,0,5.59,,1,3,5.43
0,0,0,0,1,1,1,1,1,1,1,1,1,1.2,sparse,30,1,133920,6,0,5.81,,1,4,5.9
0,0,0,0,1,0,0,0,1,0,0,0,1,0.0,sparse,30,1,133920,6,0,5.8,,1,5,5.82
1,1,1,1,1,1,1,1,1,1,1,1,1,0.0,sparse,30,1,133920,6,1,5.59,,1,6,5.48
0,0,0,0,1,0,0,0,1,0,0,0,1,0.0,sparse,30,1,133920,6,0,5.2,,1,7,5.24
1,1,1,1,1,1,1,1,1,1,1,1,1,0.0,sparse,30,1,133920,6,1,5.86,,1,8,5.73
0,0,0,0,0,0,0,0,0,0,0,0,1,10.4,sparse,30,1,133920,6,0,5.15,,1,9,5.2
0,0,0,0,1,1,1,1,1,1,1,1,1,0.0,sparse,30,1,133920,6,0,5.67,,1,10,5.77
0,0,0,0,1,1,1,0,0,0,0,0,1,4.4,sparse,30,1,133920,6,0,5.5,,1,11,5.58
1,1,1,1,0,0,0,0,1,1,1,0,1,0.3,sparse,30,1,133920,6,1,5.72,,1,12,5.79
1,1,1,1,1,1,1,1,1,1,1,1,1,0.0,sparse,30,1,133920,6,1,5.81,,1,13,5.82
0,0,0,0,1,1,1,1,1,1,1,1,1,4.0,sparse,30,1,133920,6,0,5.56,,1,14,5.59
0,0,0,0,1,1,0,0,1,1,0,0,1,0.0,sparse,30,1,133920,6,0,5.89,,1,15,5.73
0,0,0,0,0,0,0,0,0,0,0,0,1,12.1,sparse,30,1,133920,6,0,5.7,,1,16,5.73
0,0,0,0,1,1,1,0,1,1,1,1,1,1.1,sparse,30,1,133920,6,0,5.84,,1,17,5.91
0,0,0,0,1,0,0,0,1,1,1,1,1,0.0,sparse,30,1,133920,6,0,5.97,,1,18,5.99
1,1,1,1,1,1,1,1,1,1,1,1,1,0.1,sparse,30,1,133920,6,1,5.69,,1,19,5.78
0,0,0,0,1,1,1,1,1,1,1,1,1,0.0,sparse,30,1,133920,6,0,5.81,,1,20,5.71
1,1,1,1,1,1,0,0,0,0,0,0,1,60.3,sparse,30,1,133920,6,1,5.74,,1,21,5.74
1,1,1,1,0,0,0,0,0,0,0,0,1,0.0,sparse,30,1,133920,6,1,5.45,,1,22,5.49
1,1,1,1,0,0,0,0,0,0,0,0,1,9.9,sparse,30,1,133920,6,1,5.67,,1,23,5.76
0,0,0,0,1,1,1,1,1,1,1,1,1,0.2,sparse,30,1,133920,6,0,5.76,,1,24,5.88
0,0,0,0,1,1,1,1,1,1,1,1,1,0.0,sparse,30,1,133920,6,0,5.88,,1,25,5.84
0,0,0,0,1,1,1,1,1,1,1,1,1,1.3,sparse,30,1,133920,6,0,5.85,,1,26,5.88
1,1,1,1,0,0,0,0,0,0,0,0,1,41.0,sparse,30,1,133920,6,1,5.47,,1,27,5.29
0,0,0,0,1,1,1,1,0,0,0,0,1,0.0,sparse,30,1,133920,6,0,5.71,,1,28,5.76
0,0,0,0,0,0,0,0,0,0,0,0,1,0.4,sparse,30,1,133920,6,0,6.0,,1,29,5.99
0,0,0,0,1,1,1,0,1,1,1,1,1,6.2,sparse,45,1,165600,6,0,5.52,,1,0,5.49
0,0,0,0,1,1,0,0,1,1,0,0,1,0.0,sparse,45,1,165600,6,0,5.86,,1,1,5.72
0,0,0,0,1,0,0,0,0,0,0,0,1,0.0,sparse,45,1,165600,6,0,5.83,,1,2,5.78
0,0,0,0,1,1,1,1,1,1,1,1,1,0.0,sparse,45,1,165600,6,0,5.96,,1,3,6.04
0,0,0,0,1,1,1,1,1,1,1,1,1,0.1,sparse,45,1,165600,6,0,5.82,,1,4,5.9
1,1,1,1,1,1,1,1,1,1,1,1,1,0.0,sparse,45,1,165600,6,1,5.85,,1,5,5.74
0,0,0,0,1,1,1,1,1,1,0,0,1,40.0,sparse,45,1,165600,6,0,5.79,,1,6,5.85
0,0,0,0,1,1,1,1,1,1,1,1,1,0.1,sparse,45,1,165600,6,0,5.92,,1,7,5.95
1,1,1,1,1,1,1,1,1,1,1,1,1,0.0,sparse,45,1,165600,6,1,5.77,,1,8,5.82
1,1,1,1,1,1,1,1,1,1,1,1,1,0.0,sparse,45,1,165600,6,1,5.84,,1,9,5.91
0,0,0,0,1,1,1,1,1,1,1,1,1,0.0,sparse,45,1,165600,6,0,5.78,,1,10,5.9
0,0,0,0,1,1,1,0,0,0,0,0,1,4.4,sparse,45,1,165600,6,0,5.64,,1,11,5.56
1,1,1,1,1,1,1,1,1,1,1,1,1,0.0,sparse,45,1,165600,6,1,5.71,,1,12,5.76
1,1,1,1,1,1,1,1,1,1,1,1,1,0.9,sparse,45,1,165600,6,1,5.89,,1,13,5.95
0,0,0,0,1,1,1,1,1,1,1,1,1,0.0,sparse,45,1,165600,6,0,5.5,,1,14,5.5
1,1,1,1,1,1,1,1,1,1,1,1,1,25.4,sparse,45,1,165600,6,1,6.04,,1,15,6.01
0,0,0,0,1,0,0,0,1,0,0,0,1,0.0,sparse,45,1,165600,6,0,5.4,,1,16,5.37
0,0,0,0,1,1,1,1,1,1,1,1,1,0.0,sparse,45,1,165600,6,0,5.74,,1,17,5.83
1,1,1,1,1,1,1,0,1,1,1,0,1,7.2,sparse,45,1,165600,6,1,5.65,,1,18,5.51
1,1,1,1,1,1,1,1,1,1,1,1,1,0.0,sparse,45,1,165600,6,1,5.78,,1,19,5.68
1,1,1,1,1,1,1,1,1,1,1,1,1,0.0,sparse,45,1,165600,6,1,5.66,,1,20,5.55
0,0,0,0,1,1,1,1,1,1,1,1,1,0.0,sparse,45,1,165600,6,0,5.87,,1,21,5.95
0,0,0,0,1,0,0,0,0,0,0,0,1,0.8,sparse,45,1,165600,6,0,5.86,,1,22,5.78
1,1,1,1,1,1,0,0,0,0,0,0,1,18.0,sparse,45,1,165600,6,1,5.51,,1,23,5.42
0,0,0,0,1,1,1,1,1,1,1,1,1,0.2,sparse,45,1,165600,6,0,5.75,,1,24,5.86
1,1,1,1,0,0,0,0,0,0,0,0,1,8.1,sparse,45,1,165600,6,1,5.45,,1,25,5.47
,,,,,,,,,,,,0,,sparse,45,1,165600,6,,,闭合路径被挡,1,26,5.81
0,0,0,0,1,1,1,1,1,1,1,1,1,0.0,sparse,45,1,165600,6,0,5.77,,1,27,5.84
0,0,0,0,1,1,1,1,1,1,1,1,1,0.0,sparse,45,1,165600,6,0,5.78,,1,28,5.86
0,0,0,0,0,0,0,0,0,0,0,0,1,0.1,sparse,45,1,165600,6,0,5.74,,1,29,5.73
0,0,0,0,1,1,1,0,1,1,1,0,1,10.6,sparse,60,1,172800,6,0,5.66,,1,0,5.64
0,0,0,0,1,1,1,0,1,1,1,0,1,0.0,sparse,60,1,172800,6,0,5.85,,1,1,5.88
0,0,0,0,1,1,1,1,1,1,1,1,1,0.0,sparse,60,1,172800,6,0,5.39,,1,2,5.39
1,1,1,1,1,1,1,1,1,1,1,1,1,0.1,sparse,60,1,172800,6,1,5.48,,1,3,5.51
0,0,0,0,1,1,1,1,1,1,1,1,1,5.9,sparse,60,1,172800,6,0,5.46,,1,4,5.48
0,0,0,0,0,0,0,0,0,0,0,0,1,0.0,sparse,60,1,172800,6,0,5.55,,1,5,5.45
1,1,1,1,1,1,1,1,1,1,1,1,1,0.0,sparse,60,1,172800,6,1,5.67,,1,6,5.61
0,0,0,0,0,0,0,0,0,0,0,0,1,0.1,sparse,60,1,172800,6,0,5.77,,1,7,5.7
0,0,0,0,0,0,0,0,1,1,1,1,1,0.0,sparse,60,1,172800,6,0,5.81,,1,8,5.88
,,,,,,,,,,,,0,,sparse,60,1,172800,6,,,闭合路径被挡,1,9,5.5
0,0,0,0,1,1,1,1,1,1,1,1,1,0.0,sparse,60,1,172800,6,0,5.72,,1,10,5.79
1,1,1,1,1,1,1,1,1,1,1,1,1,1.9,sparse,60,1,172800,6,1,5.95,,1,11,5.92
0,0,0,0,1,0,0,0,0,0,0,0,1,4.6,sparse,60,1,172800,6,0,5.54,,1,12,5.59
1,1,1,1,1,1,1,1,1,1,1,1,1,0.0,sparse,60,1,172800,6,1,5.93,,1,13,5.9
0,0,0,0,1,1,1,1,1,1,1,1,1,0.0,sparse,60,1,172800,6,0,5.49,,1,14,5.5
1,1,1,1,1,1,1,1,1,1,1,1,1,0.2,sparse,60,1,172800,6,1,5.45,,1,15,5.5
0,0,0,0,0,0,0,0,0,0,0,0,1,0.0,sparse,60,1,172800,6,0,5.5,,1,16,5.51
0,0,0,0,1,1,1,1,1,1,1,1,1,0.0,sparse,60,1,172800,6,0,5.81,,1,17,5.88
1,1,1,1,1,1,0,0,1,1,1,0,1,9.3,sparse,60,1,172800,6,1,5.43,,1,18,5.44
0,0,0,0,1,1,1,1,1,1,1,1,1,0.0,sparse,60,1,172800,6,0,5.36,,1,19,5.38
0,0,0,0,1,1,1,1,1,1,1,1,1,0.0,sparse,60,1,172800,6,0,5.53,,1,20,5.49
0,0,0,0,1,1,1,1,1,1,1,1,1,0.0,sparse,60,1,172800,6,0,5.74,,1,21,5.75
1,1,1,1,1,1,1,1,1,1,1,1,1,0.0,sparse,60,1,172800,6,1,5.65,,1,22,5.68
0,0,0,0,1,1,1,1,1,1,1,1,1,0.0,sparse,60,1,172800,6,0,5.91,,1,23,5.78
0,0,0,0,0,0,0,0,0,0,0,0,1,0.0,sparse,60,1,172800,6,0,5.44,,1,24,5.45
0,0,0,0,1,1,1,1,1,1,1,1,1,5.6,sparse,60,1,172800,6,0,5.91,,1,25,5.8
0,0,0,0,1,1,1,1,1,1,1,1,1,0.0,sparse,60,1,172800,6,0,5.38,,1,26,5.4
0,0,0,0,1,1,1,1,1,1,1,1,1,0.0,sparse,60,1,172800,6,0,5.43,,1,27,5.44
0,0,0,0,1,1,1,1,1,1,1,1,1,0.0,sparse,60,1,172800,6,0,5.69,,1,28,5.7
1,1,1,1,1,1,1,1,1,1,1,1,1,0.0,sparse,60,1,172800,6,1,5.47,,1,29,5.48
0,0,0,0,1,0,0,0,1,0,0,0,1,0.0,dense,30,1,133920,12,0,5.39,,1,0,5.41
0,0,0,0,1,1,1,1,1,1,1,0,1,0.0,dense,30,1,133920,12,0,5.78,,1,1,5.91
0,0,0,0,1,1,0,0,1,1,0,0,1,0.0,dense,30,1,133920,12,0,5.39,,1,2,5.41
0,0,0,0,1,1,1,0,1,1,1,0,1,0.0,dense,30,1,133920,12,0,5.9,,1,3,5.73
,,,,,,,,,,,,0,,dense,30,1,133920,12,,,闭合路径被挡,1,4,5.36
1,1,1,1,1,0,0,0,1,1,0,0,1,0.0,dense,30,1,133920,12,1,5.86,,1,5,5.76
0,0,0,0,1,1,0,0,1,1,0,0,1,0.0,dense,30,1,133920,12,0,5.24,,1,6,5.22
0,0,0,0,1,1,0,0,1,1,0,0,1,13.0,dense,30,1,133920,12,0,5.19,,1,7,5.19
0,0,0,0,1,1,1,0,0,0,0,0,1,0.1,dense,30,1,133920,12,0,5.97,,1,8,6.1
1,1,1,1,0,0,0,0,0,0,0,0,1,12.3,dense,30,1,133920,12,1,5.55,,1,9,5.51
0,0,0,0,0,0,0,0,1,0,0,0,1,8.1,dense,30,1,133920,12,0,5.36,,1,10,5.34
,,,,,,,,,,,,0,,dense,30,1,133920,12,,,闭合路径被挡,1,11,5.71
0,0,0,0,0,0,0,0,0,0,0,0,1,33.7,dense,30,1,133920,12,0,5.55,,1,12,5.48
0,0,0,0,0,0,0,0,0,0,0,0,1,8.1,dense,30,1,133920,12,0,5.33,,1,13,5.35
0,0,0,0,0,0,0,0,0,0,0,0,1,33.1,dense,30,1,133920,12,0,5.69,,1,14,5.47
0,0,0,0,1,1,1,1,1,1,1,1,1,0.0,dense,30,1,133920,12,0,5.69,,1,15,5.79
0,0,0,0,1,1,1,1,1,1,1,1,1,0.4,dense,30,1,133920,12,0,5.68,,1,16,5.7
0,0,0,0,1,1,1,1,1,0,0,0,1,0.0,dense,30,1,133920,12,0,5.2,,1,17,5.22
0,0,0,0,1,1,1,1,1,1,1,1,1,0.9,dense,30,1,133920,12,0,5.66,,1,18,5.71
,,,,,,,,,,,,0,,dense,30,1,133920,12,,,闭合路径被挡,1,19,5.51
0,0,0,0,1,0,0,0,1,0,0,0,1,0.0,dense,30,1,133920,12,0,5.49,,1,20,5.45
0,0,0,0,1,1,1,0,1,1,1,0,1,3.7,dense,30,1,133920,12,0,5.68,,1,21,5.69
0,0,0,0,0,0,0,0,0,0,0,0,1,53.7,dense,30,1,133920,12,0,5.54,,1,22,5.47
0,0,0,0,1,1,1,1,1,1,1,1,1,0.0,dense,30,1,133920,12,0,5.86,,1,23,5.73
0,0,0,0,0,0,0,0,0,0,0,0,1,0.0,dense,30,1,133920,12,0,5.41,,1,24,5.43
0,0,0,0,1,1,1,1,1,1,1,1,1,0.0,dense,30,1,133920,12,0,5.78,,1,25,5.8
0,0,0,0,1,1,1,1,1,1,1,1,1,0.1,dense,30,1,133920,12,0,5.39,,1,26,5.43
0,0,0,0,0,0,0,0,0,0,0,0,1,40.7,dense,30,1,133920,12,0,5.33,,1,27,5.36
,,,,,,,,,,,,0,,dense,30,1,133920,12,,,闭合路径被挡,1,28,5.58
1,1,1,1,1,0,0,0,0,0,0,0,1,41.7,dense,30,1,133920,12,1,5.77,,1,29,5.63
0,0,0,0,1,0,0,0,1,0,0,0,1,0.0,dense,45,1,165600,12,0,5.24,,1,0,5.3
0,0,0,0,1,1,1,1,1,1,1,1,1,3.3,dense,45,1,165600,12,0,5.25,,1,1,5.3
0,0,0,0,1,1,0,0,1,1,0,0,1,0.0,dense,45,1,165600,12,0,5.48,,1,2,5.49
0,0,0,0,0,0,0,0,0,0,0,0,1,1.4,dense,45,1,165600,12,0,5.44,,1,3,5.38
0,0,0,0,1,1,1,1,1,1,1,1,1,0.0,dense,45,1,165600,12,0,5.57,,1,4,5.53
0,0,0,0,1,1,1,1,1,1,1,1,1,0.0,dense,45,1,165600,12,0,5.98,,1,5,6.04
0,0,0,0,1,0,0,0,0,0,0,0,1,0.0,dense,45,1,165600,12,0,5.4,,1,6,5.47
0,0,0,0,1,1,1,1,1,1,1,1,1,29.9,dense,45,1,165600,12,0,5.34,,1,7,5.32
0,0,0,0,1,1,1,1,1,1,1,0,1,0.4,dense,45,1,165600,12,0,5.79,,1,8,5.55
0,0,0,0,0,0,0,0,0,0,0,0,1,0.2,dense,45,1,165600,12,0,5.52,,1,9,5.53
1,1,1,1,1,1,1,1,1,1,1,1,1,0.0,dense,45,1,165600,12,1,5.78,,1,10,5.69
0,0,0,0,1,1,1,1,1,1,1,1,1,0.0,dense,45,1,165600,12,0,5.45,,1,11,5.42
1,1,1,1,1,1,1,1,1,1,1,1,1,0.0,dense,45,1,165600,12,1,5.75,,1,12,5.65
0,0,0,0,1,1,0,0,1,1,0,0,1,0.0,dense,45,1,165600,12,0,5.35,,1,13,5.34
0,0,0,0,1,1,1,1,1,1,1,1,1,0.0,dense,45,1,165600,12,0,5.38,,1,14,5.36
,,,,,,,,,,,,0,,dense,45,1,165600,12,,,闭合路径被挡,1,15,5.32
,,,,,,,,,,,,0,,dense,45,1,165600,12,,,闭合路径被挡,1,16,5.78
0,0,0,0,1,1,1,1,1,0,0,0,1,0.0,dense,45,1,165600,12,0,5.52,,1,17,5.46
0,0,0,0,1,1,1,1,1,1,1,1,1,0.0,dense,45,1,165600,12,0,5.78,,1,18,5.84
,,,,,,,,,,,,0,,dense,45,1,165600,12,,,闭合路径被挡,1,19,5.82
1,1,1,1,1,1,1,1,1,1,1,1,1,0.0,dense,45,1,165600,12,1,5.73,,1,20,5.62
0,0,0,0,1,1,1,1,1,1,0,0,1,32.9,dense,45,1,165600,12,0,5.48,,1,21,5.49
1,1,1,1,1,1,0,0,0,0,0,0,1,36.0,dense,45,1,165600,12,1,5.11,,1,22,4.85
1,1,1,1,1,1,1,1,1,1,1,1,1,1.0,dense,45,1,165600,12,1,5.88,,1,23,5.92
0,0,0,0,0,0,0,0,0,0,0,0,1,0.0,dense,45,1,165600,12,0,5.34,,1,24,5.32
0,0,0,0,1,1,1,1,1,1,1,1,1,0.0,dense,45,1,165600,12,0,5.93,,1,25,5.85
1,1,1,1,1,0,0,0,0,0,0,0,1,46.8,dense,45,1,165600,12,1,5.82,,1,26,5.85
0,0,0,0,1,1,0,0,1,1,0,0,1,0.0,dense,45,1,165600,12,0,5.44,,1,27,5.48
,,,,,,,,,,,,0,,dense,45,1,165600,12,,,闭合路径被挡,1,28,5.78
0,0,0,0,0,0,0,0,0,0,0,0,1,24.1,dense,45,1,165600,12,0,5.68,,1,29,5.58
0,0,0,0,1,1,1,1,1,1,1,1,1,0.0,dense,60,1,172800,12,0,5.58,,1,0,5.47
0,0,0,0,1,1,1,1,1,1,1,1,1,0.0,dense,60,1,172800,12,0,5.47,,1,1,5.44
0,0,0,0,1,1,0,0,1,1,0,0,1,0.0,dense,60,1,172800,12,0,5.47,,1,2,5.44
0,0,0,0,0,0,0,0,0,0,0,0,1,0.0,dense,60,1,172800,12,0,5.83,,1,3,5.85
0,0,0,0,1,1,1,1,1,1,1,1,1,0.0,dense,60,1,172800,12,0,5.49,,1,4,5.49
1,1,1,1,1,1,1,1,1,1,1,1,1,0.0,dense,60,1,172800,12,1,5.41,,1,5,5.34
0,0,0,0,1,0,0,0,0,0,0,0,1,0.0,dense,60,1,172800,12,0,5.61,,1,6,5.58
0,0,0,0,1,1,1,0,1,1,1,0,1,22.5,dense,60,1,172800,12,0,5.46,,1,7,5.49
0,0,0,0,1,1,1,1,1,1,1,0,1,0.0,dense,60,1,172800,12,0,5.51,,1,8,5.53
0,0,0,0,0,0,0,0,0,0,0,0,1,0.2,dense,60,1,172800,12,0,5.53,,1,9,5.54
,,,,,,,,,,,,0,,dense,60,1,172800,12,,,闭合路径被挡,1,10,5.53
0,0,0,0,0,0,0,0,0,0,0,0,1,0.1,dense,60,1,172800,12,0,5.7,,1,11,5.67
0,0,0,0,0,0,0,0,0,0,0,0,1,0.1,dense,60,1,172800,12,0,5.48,,1,12,5.49
1,1,1,1,1,1,0,0,0,0,0,0,1,0.0,dense,60,1,172800,12,1,5.69,,1,13,5.68
0,0,0,0,0,0,0,0,0,0,0,0,1,0.1,dense,60,1,172800,12,0,5.38,,1,14,5.46
,,,,,,,,,,,,0,,dense,60,1,172800,12,,,闭合路径被挡,1,15,5.76
0,0,0,0,1,1,1,1,1,1,1,1,1,0.4,dense,60,1,172800,12,0,5.77,,1,16,5.73
0,0,0,0,0,0,0,0,0,0,0,0,1,0.0,dense,60,1,172800,12,0,5.62,,1,17,5.53
0,0,0,0,1,1,1,1,1,1,1,1,1,0.0,dense,60,1,172800,12,0,5.73,,1,18,5.8
0,0,0,0,1,0,0,0,0,0,0,0,1,0.3,dense,60,1,172800,12,0,5.53,,1,19,5.54
0,0,0,0,1,1,1,0,1,1,1,0,1,0.0,dense,60,1,172800,12,0,5.9,,1,20,5.91
0,0,0,0,1,1,1,1,1,1,1,1,1,0.0,dense,60,1,172800,12,0,5.48,,1,21,5.49
0,0,0,0,0,0,0,0,1,0,0,0,1,2.2,dense,60,1,172800,12,0,6.08,,1,22,6.07
0,0,0,0,1,1,1,1,1,1,1,1,1,3.0,dense,60,1,172800,12,0,5.83,,1,23,5.83
0,0,0,0,0,0,0,0,0,0,0,0,1,7.5,dense,60,1,172800,12,0,5.49,,1,24,5.46
1,1,1,1,1,1,1,1,0,0,0,0,1,10.8,dense,60,1,172800,12,1,5.59,,1,25,5.51
0,0,0,0,1,1,1,1,1,1,1,1,1,0.0,dense,60,1,172800,12,0,5.4,,1,26,5.4
0,0,0,0,1,1,1,1,1,1,1,1,1,0.0,dense,60,1,172800,12,0,5.45,,1,27,5.46
0,0,0,0,1,1,1,1,1,1,1,1,1,0.0,dense,60,1,172800,12,0,5.47,,1,28,5.51
0,0,0,0,1,1,1,1,1,1,1,1,1,0.1,dense,60,1,172800,12,0,5.37,,1,29,5.38
